﻿{
  "CurrLocation": null,
  "PlayerName": null,
  "Locations": null,
  "nPCs": [
    {
      "MName": "Bot",
      "MId": 1
    },
    {
      "MName": "Kiska",
      "MId": 2
    },
    {
      "MName": "Freddy",
      "MId": 3
    }
  ],
  "Threads": [
    {
      "MID": 0,
      "MCurrentState": 0,
      "EnteredWords": {},
      "EnteredChoices": {},
      "MIDToIState": {
        "0": {
          "$type": "core.stateDialogue, core",
          "MPhrases": [
            {
              "MPhraseOrigin": 0,
              "MPhrase": "Хорошо, что ты пришел! Мы так долго тебя ждали!"
            },
            {
              "MPhraseOrigin": 0,
              "MPhrase": "Проходи, располагайся. Здесь и Игнат, и Валера, и даже тот самый парень с гитарой."
            },
            {
              "MPhraseOrigin": 0,
              "MPhrase": "Я их тебе сейчас представлю... Скидывай ты уже наконец свое пальто!"
            },
            {
              "MPhraseOrigin": 0,
              "MPhrase": "Кстати, мы с женкой купили новый первоклассный холодильник марки <<Морозко>>"
            }
          ],
          "MCurrentPhrase": 0,
          "origin": 1,
          "MID": 0,
          "MDescription": "",
          "MNextStates": [
            1
          ],
          "MAnswer": null,
          "MEndThread": false,
          "MEndGame": false
        },
        "1": {
          "$type": "core.stateChoice, core",
          "MChoosedChoice": 0,
          "MChoices": [
            {
              "MID": 0,
              "MText": "За гостеприимным хозяином смотреть холодильник"
            },
            {
              "MID": 1,
              "MText": "В комнату к шумной компанией"
            }
          ],
          "MTitle": "Куда ты решил направиться первым делом?",
          "origin": 2,
          "MID": 1,
          "MDescription": "",
          "MNextStates": [
            2,
            3
          ],
          "MAnswer": null,
          "MEndThread": false,
          "MEndGame": false
        },
        "2": {
          "$type": "core.stateDialogue, core",
          "MPhrases": [
            {
              "MPhraseOrigin": 0,
              "MPhrase": "Отлично! Не разувайся, давай скорее посмотрим на него!"
            },
            {
              "MPhraseOrigin": 0,
              "MPhrase": "Ты протискиваешься в узкую кухоньку, перешагивая через кота."
            },
            {
              "MPhraseOrigin": 0,
              "MPhrase": "Большую часть стены рядом с окном занимает здоровенный гудящий холодильник."
            },
            {
              "MPhraseOrigin": 0,
              "MPhrase": "Блестит новенькая полированная поверхность прибора, блестит довольный хозяин, замечая твое удивление от этой диковинной вещицы."
            },
            {
              "MPhraseOrigin": 0,
              "MPhrase": "Вдруг ты чувствуешь странный запах. Он окутал тебя на мгновение."
            },
            {
              "MPhraseOrigin": 0,
              "MPhrase": "\"Здорово, да?\", - говорит хозяин, - \"Мы его в кредит взя..\""
            },
            {
              "MPhraseOrigin": 0,
              "MPhrase": "С этими словами хозяин открывает дверцу."
            },
            {
              "MPhraseOrigin": 0,
              "MPhrase": "Раздается громкий взрыв, но ты его уже не слышишь. "
            },
            {
              "MPhraseOrigin": 0,
              "MPhrase": "Ты даже не успеваешь подумать, что тот странный запах - это запах газа."
            },
            {
              "MPhraseOrigin": 0,
              "MPhrase": "При открытии холодильника внутри загорается лампочка, это она дала искру."
            },
            {
              "MPhraseOrigin": 0,
              "MPhrase": "Ты мертв."
            }
          ],
          "MCurrentPhrase": 0,
          "origin": 1,
          "MID": 2,
          "MDescription": "",
          "MNextStates": [
            null
          ],
          "MAnswer": null,
          "MEndThread": true,
          "MEndGame": true
        },
        "3": {
          "$type": "core.stateWait, core",
          "MDelay": 7,
          "MTitle": "Ты скидываешь ботинки и верхнюю одежду...",
          "origin": 2,
          "MID": 3,
          "MDescription": "",
          "MNextStates": [
            4
          ],
          "MAnswer": null,
          "MEndThread": false,
          "MEndGame": false
        },
        "4": {
          "$type": "core.stateDialogue, core",
          "MPhrases": [
            {
              "MPhraseOrigin": 0,
              "MPhrase": "Вам потребовалось около семи секунд, чтобы раздеться и пройти."
            },
            {
              "MPhraseOrigin": 0,
              "MPhrase": "Окунувшись в дружескую атмосферу, ты расслабляешься и чувствуешь себя частливым."
            },
            {
              "MPhraseOrigin": 0,
              "MPhrase": "Вдруг ты чувствуешь странный запах. Он окутал тебя на мгновение."
            },
            {
              "MPhraseOrigin": 0,
              "MPhrase": "\"Что это за странный запах?\", - спрашиваешь ты. "
            },
            {
              "MPhraseOrigin": 0,
              "MPhrase": "\"Походу газ\", - протянул Валера. "
            },
            {
              "MPhraseOrigin": 0,
              "MPhrase": "На секунду все замерли, шевеля ноздрями. "
            },
            {
              "MPhraseOrigin": 0,
              "MPhrase": "О да. Это был газ. Газовая служба приехала и вовремя ликвидировала утечку. "
            },
            {
              "MPhraseOrigin": 0,
              "MPhrase": "Ты жив и теперь твоя кличка <<Парфюмер>>. Хэппи энд."
            }
          ],
          "MCurrentPhrase": 0,
          "origin": 1,
          "MID": 4,
          "MDescription": "",
          "MNextStates": [
            null
          ],
          "MAnswer": null,
          "MEndThread": true,
          "MEndGame": true
        },
        "5": {
          "$type": "core.stateImage, core",
          "MPath": "images\\200x600.png",
          "origin": 3,
          "MID": 5,
          "MDescription": "",
          "MNextStates": [
            6
          ],
          "MAnswer": null,
          "MEndThread": false,
          "MEndGame": false
        },
        "6": {
          "$type": "core.stateImage, core",
          "MPath": "images\\400x400.png",
          "origin": 3,
          "MID": 6,
          "MDescription": "",
          "MNextStates": [
            7
          ],
          "MAnswer": null,
          "MEndThread": false,
          "MEndGame": false
        },
        "7": {
          "$type": "core.stateImage, core",
          "MPath": "images\\600x200.png",
          "origin": 3,
          "MID": 7,
          "MDescription": "",
          "MNextStates": [
            8
          ],
          "MAnswer": null,
          "MEndThread": false,
          "MEndGame": false
        },
        "8": {
          "$type": "core.stateImage, core",
          "MPath": "images\\3000x3000.png",
          "origin": 3,
          "MID": 8,
          "MDescription": "",
          "MNextStates": [
            9
          ],
          "MAnswer": null,
          "MEndThread": false,
          "MEndGame": false
        },
        "9": {
          "$type": "core.stateFullScreen, core",
          "MPath": "fullscreens\\1st.png",
          "MAnimationZoom": true,
          "MAnimationSlide": false,
          "origin": 3,
          "MID": 9,
          "MDescription": "",
          "MNextStates": [],
          "MAnswer": null,
          "MEndThread": false,
          "MEndGame": false
        }
      }
    }
  ],
  "ActiveThreads": [
    0
  ]
}